{
  "train_loss": [
    0.8686471915245056,
    0.7101935291290283,
    0.6064195394515991,
    0.5402673411369324,
    0.4744150304794312,
    0.4250070869922638,
    0.38217272877693176,
    0.34727727055549623,
    0.3172186875343323,
    0.2876270371675491,
    0.25649370551109313,
    0.23932015419006347,
    0.21996835827827455,
    0.20115064203739166,
    0.18182334125041963,
    0.1691484922170639,
    0.15900772988796233,
    0.14615102887153625,
    0.13405433744192125,
    0.12342723339796066,
    0.11868055313825607,
    0.11041738361120224,
    0.10374843090772629,
    0.09873301237821579,
    0.09299567997455598,
    0.08990774273872376,
    0.08341506212949752,
    0.08052336424589157,
    0.07746146723628045,
    0.0754452084004879
  ],
  "train_iou": [
    0.600877183675766,
    0.7088230276107788,
    0.7833203887939453,
    0.8184025502204895,
    0.8506167936325073,
    0.8803185653686524,
    0.894150378704071,
    0.8998988461494446,
    0.9147042012214661,
    0.919074513912201,
    0.9293038678169251,
    0.9308346939086914,
    0.9358435416221619,
    0.9407550859451294,
    0.9469858860969543,
    0.9476035237312317,
    0.9505634021759033,
    0.952745943069458,
    0.9584788727760315,
    0.9602694678306579,
    0.9611961913108825,
    0.9637610244750977,
    0.9648571801185608,
    0.966415855884552,
    0.9679736638069153,
    0.9671391725540162,
    0.9690279912948608,
    0.970189266204834,
    0.970246205329895,
    0.9701655983924866
  ],
  "val_loss": [
    0.7033657193183899,
    0.6519779205322266,
    0.5894061088562011,
    0.554169774055481,
    0.4899728536605835,
    0.45224037766456604,
    0.41436737179756167,
    0.3795723974704742,
    0.3455929160118103,
    0.32566331028938295,
    0.3059900999069214,
    0.2923878043889999,
    0.2756930410861969,
    0.2561569303274155,
    0.24170931577682495,
    0.23313021361827851,
    0.22562808096408843,
    0.21482221484184266,
    0.2053576648235321,
    0.19784049689769745,
    0.19205691516399384,
    0.1855205476284027,
    0.1828815072774887,
    0.1760658711194992,
    0.17355286031961442,
    0.1687682345509529,
    0.16617742031812668,
    0.16386579722166061,
    0.1635004013776779,
    0.16065618991851807
  ],
  "val_iou": [
    0.7195134401321411,
    0.7425611138343811,
    0.7817481398582459,
    0.8054221391677856,
    0.8324681401252747,
    0.8353219866752625,
    0.8484043002128601,
    0.8509998321533203,
    0.8675033211708069,
    0.8648031115531921,
    0.8658591508865356,
    0.8663556933403015,
    0.8709347605705261,
    0.8739202976226806,
    0.8776509881019592,
    0.8799979448318481,
    0.8776405096054077,
    0.8815796852111817,
    0.8854782223701477,
    0.8824572324752807,
    0.8848111987113952,
    0.8881255626678467,
    0.8839968800544739,
    0.8873774290084839,
    0.8862710356712341,
    0.8863918781280518,
    0.8886926889419555,
    0.889145827293396,
    0.8861879587173462,
    0.8856787562370301
  ]
}